product_id,product_name,category,discounted_price,actual_price,discount_percentage,rating,rating_count,about_product,user_id,user_name,review_id,review_title,review_content,img_link,product_link
B00LY17RHI,Camlin Elegante Fountain Pen - Black/Blue/Red,Pens,‚Çπ225,‚Çπ225,0%,4.1,"4,798",Handcrafted with Gold plated nib|Brass Cap Chrome body|Elegant design,"AE6FSULFZEB65U7FWSETNHLBP5JQ,AGV3YW3GZJTWUP4FC7UBOYRWEFUQ,AE6HGV4SSK2V4C4QVOKY42KZW2DQ,AH2NX4DPPSUUQYJJYAECCBRBJK6Q,AEJ47MXJRDNX6VPRKKW5KD56SAFQ,AEHOGFWLLZ3VXB3FKNIMZU5QBQQQ,AGCU4M3EJ346F7J4DKXK4C6FKXKQ,AHH4X42X46T6KKBR7G3L7TCGV3OA","Rayees Tigadi,ajay,Tathagata Chakraborty,Rajendra,Nihal Rathod,KOVENTHAN G,Pushpita Mitra,Neeraj","R1KPESOANRAUT2,R2765UCQGUXR8Z,R1MIY4MLC7OEMH,R13HF7067D65NX,R2GFTD22MUWJXJ,R22XIU2YN41JLY,R3Q3101C0DYUP7,R3V7O33VH25ONB","Good Pen at Low Cost,... have been reading about this pen which I would like to answer,Decent (at this price),Very nice.,Not for speedy write...,Nice pen good quality could be more smoother,Smooth,Superb Fountain Pen for all types of users","First of All Delivery of Amazon: It was as specified no delays. Hence, appreciate it.Packaging: Not Good. The box was tempered, torn and damaged.Product: Ordered Black, received brown. Didn‚Äôt replace as the Color didn‚Äôt much mattered. Issue is with the seller though.Performance: The pen of good. Robust, feels cheap however, looking at the price not to complain. Writes smooth.For anyone who wants to enter into fountain pens, can start with this as it does the job.Edited: Have been using this pen for over 3 days now, I am facing issue of nib dryness. If I don‚Äôt use the pen for sometime. The pen doesn‚Äôt write at all. I have to wet the nib or do something or the other in order to make it start writing. It writes great when it starts writing. But the initial pick up is really bad. I have a platinum preppy too. It‚Äôs a better option to go with if the budget is tight. However, there we have good writing but bad looks.,Few points I have been reading about this pen which I would like to answer. (Compared with two other pens- Parker Vector and Luxor V5)1. Grip  Read in couple of reviews regarding the thick grip and the ""curve"" at the grip which makes it awkward to hold. Honestly, have not felt so at all. The grip is pretty medium, larger than Parker Vector and comparable to the Luxor V5. It wont create any problems holding it. I am an average 5'10 and people of same build, hand and finger size wont be any problem. Also on Parker Vector the metal body starts to feel slippery due to metal, small grip and feels tiresome after writing couple of pages. Been nice to hold the Elegante and feel firm in hand, it makes one feel like holding a pen with substance :) .2. Nib and feeder:  It says Fine on the nib and it is comparable to the Luxor V5 0.5 and Parker Fine nib. Few claim it is 0.7 / medium kinds. Its all about the pressure on puts when writing it. I just touch the nib on paper and rest the pen does, so would say- it is Fine. It is way too smoooooother and fluent than Parker which felt a bit rough. Parker Fine nibs give a feedback making it bit of a dragging experience. However on Elegante the nib just flows and slides over the paper. It is not only the nib but also the feeder which ensures the nib slides. The feeder ensures that there is even flow of ink through out the writing experience. The writing it leaves is slightly wet and not dry, personally i prefer that over the dry and dragging. This ensures that one gets to write about 6 pages i.e 12 sides without a refill.3.  Plastic construction and feel in hand:  The cap is made of brass(as they say). The cap has a ""matte"" finish, not a glossy one. The clip and top is glossy. Gives a fair enough good contrast to add some ""looks"" to it when taking it out of the pocket :D . The pen itself- very much plastic. If I try to weigh both the cap and pen separately, roughly they feel of same weight, it is that light weight ( just a feel factor how I felt). However this does not mean it is a cheap construction. It has fallen from 2 floors down and did not crack anywhere, so would say its good strong plastic. It makes one feel pretty solid holding it. The size if compared to other two is larger. It rests pretty well in between my thumb and index finger(which parker does not, Luxor does) , hence never needed to put the clip on the rear. Without the clip it is very much balanced (Parker and Luxor both feel well balanced without the cap placed on top) , with clip Elegante and Parker feel a bit -top heavy.4. Ink filling:  Personally always been a fan of eyedroppers(good old school days) , however this comes with the standard piston filling( as seen in the photo by Hari). When I immersed the nib in the pen and pulled the piston it just filled half. Had to dip the whole nib till the grip when it got filled. In parker just dipping the top nib was sufficient. For Luxor pulling the whole top part out and then refuel it seemed very tedious. Some other reviews I read people have tried removing the piston converter and used it as eyedropper!!! Few said it worked , few said it leaked. Need to substantiate it. Not sure and hence wont try this out to spoil such a nice piece. If anyone has tried would love to hear your experience.5. Writing after 3 weeks:  For Luxor, it works immediately! Even after 6 months it worked like magic. For Parker bit of dipping, or couple of splashing out and it starts. For Elegante it did not start immediately. From school days used to have an Airmail (unfortunately misplaced it when i shifted) it used to work like a beauty even after 3 weeks. Elegante on this aspect did not fair so well. However, how many of us are not going to use their Pen for 3 weeks, always something to write, sign or pen down :) . It worked fairly after a break of one week.6. Colour:  Personally the ""looks"" of a pen hardly matter to me. Its the balance in hand and the nib which are the real heart and soul. We pay crazy on high class pens just for the looks. For few people this matters more- individual choice and nothing against it.  Parker gives a good classy look, Luxor makes one feel more of a student than a person with authority or executive. Elegante would be a mix of both and middle of both. Neither a college going look nor an Executive look. On looks it does fair enough justice- The cap and two metal rings is all that makes it stand apart. Would have loved if they would have made more colours than Maroon, Black and Blue. Nonetheless these colours are the royal colours and pretty good than what Reynolds have- bright designs which are more for school going kids to attract them. This does enough for me.7. Spare Nibs and feeder:  Not sure if there are spare nibs available online. I am at a location which is 100s of km away from any civilization in a jungle or a desert and only way is to order online (thankfully speed post delivers faster than couriers :lticaptd: ) . After using this nib, I would personally not place any other nib. I am pretty happy about it. (always good habit to have spare nibs, dont know when one drops it and needs to change).8. Recommended for:  Its a must for student. At this price range where one is still studying and not earning, this sounds a good buy, though not the best as Luxor beats this is VFM. Parker, would never recommend it for students. If someone wants to carry it for exams- carry 2 atleast, all due to the limited piston converter capacity. Luxor- would be best. If you are an executive sitting in a board of meetings where you want to make a statement by what you carry then there are many other alternatives. This is fair on looks and pleasure for writing :)  :)  :) .9. Value for Money:  For a standard person like me or a student, Luxor beats Elegante and Parker. However for a fountain pen- This is an excellent VFM :)Well, this sums up my experience after using it. Anyone has anything more to add to this or share their side we all would love to hear it,‚òÖ First of all, it came in a really bad condition. The package was almost flattened. All thanks to the people connected with the transition and delivery. Thank God it doesn't have any dent.‚òÖ Secondly, it is probably a used product. Because it came with the smell of ink in it out of the box.‚òÖ Thirdly, the brand claims that it is having a fine nib, but probably according to the European standards. I am a Pilot lover, so I know what fine nib is. This is medium sized nib at its best according to the standards of Pilot. Using a pen with fine nib is like having a perfect orgasm. You remember the experience for a long time. The handwriting also becomes better. That's lacking in this pen.* Thankfully it doesn't squirt ink every now and then like most of the other cheap fountain pens. I had two Wingsungs. Those were unbearably squirty.‚òÖ Fourthly, the grip is average.‚òÖ Fifthly, if you are a beginner, you may go for it, as it will obviously let you get used to the fountain pens. You may use it as a day to day pen.BUT DON'T STICK WITH THIS ONE ONLY. EXPLORE THE WORLD OF PILOT IF YOU HAVE THE BUDGET. TRUST ME, YOU WON'T LOOK BACK TO A PEN LIKE THIS. I WAS GIFTED A PILOT CROCODILE FINE NIB BY MY MOM. I WANT TO KEEP MY MEMORIES WITH THIS PEN SAFE. SO I DON'T USUALLY USE THAT. THAT'S WHY I'VE BOUGHT THIS ONE.‚òÖ Lastly and most importantly, a suggestion to the buyers, to make your pen experience ergonomic, please don't put the cap on the backside. Open the cap, keep it aside and unleash your writing...,very nice pen., it's really amazing very smooth writing.thank you seller & amazon.,Its not for speedy writing, if you are use for signature its cutting off character,...., Some time spread over ink. And some time character cutting.... Cheap plastic product but at a 200 good for beginners.,I've been using this pen for about 3monthspros:Build quality for this price is amazinggold Nib looks amazingcons:Nib comes out easily,Just that the neck area of the pen was little broad for me to get used to ..,Guys I have started using fountain pens again a few months back. I had used all types of fountain pens during my school days like COLLEGE brand eye droppers, Camlin, Parker (made in USA), Hero (China made). Recently I am using Platinum Preppy which is very smooth and excellent pen and yes expected since it is Japan made. This the Camlin Elegante is our very own Made in India pen. It makes us proud. Just superb pen. Very smooth. It is actually a no nonsense pen. Only thing...since I had read a few negative reviews about this...I am using it with PILOT BLUE ink. I don't know whether ink quality is further improving its performance or what? Whatever it may be.....This pen with Pilot ink combination rocks...just superb experience of writing with THE FOUNTSIN PEN. Thank you Camlin and Thank you Amazon",https://m.media-amazon.com/images/W/WEBP_402378-T2/images/I/21C8ziy-IJL._SX300_SY300_QL70_FMwebp_.jpg,https://www.amazon.in/Camlin-Elegante-Fountain-Pen-Black/dp/B00LY17RHI/ref=sr_1_476?qid=1672903018&s=computers&sr=1-476
B0B9LDCX89,"STRIFF Mpad Mouse Mat 230X190X3mm Gaming Mouse Pad, Non-Slip Rubber Base, Waterproof Surface, Premium-Textured, Compatible with Laser and Optical Mice(Universe Black)",Computer Accessories > Mouse Pads,‚Çπ129,‚Çπ999,87%,4.2,491,"9.4 Inches X 7.9 Inches) 240mm x 200mm x 2mm Size: This mouse pad is ideal for Gamers, Graphic Designers, Students, or anyone using mouse for long sessions. This helps to improve the gaming experience for gamers or the work efficiency in the office.","AGASWLGAJEYSNHPWSR74GSDXU5JQ,AGFT22PQSW5ZDJLFLBQLNNFO6I6A,AFBRDCFTMGH6OFKCC7GQQKXBCXKQ,AGQE66MG2AEU3OO5WWLBODZ3DRCQ,AEKU5BEAVUA6QMUPL34NLEFTPXSA,AFWH2VR4TUJFCVLGMLDKY6QHFPSA,AHLVULA55BHT25TPEJKZCCTPM7CA,AGIRX4TLOCUGC4XPUAFPCQ5TLLKA","muhamad s.,Aruna V,Ankush Jindal,SJ,Ronak,Devesh Bhargava,lokesh kashyap,Suraj Rajpoot","R3ET8JTEIDTNU0,R1FAH4M3BSL55F,R3I8GGSZJCEUGV,R2GKER5LJ744AO,R3OF9WES5OOK6,R2QSNY4PHB2LDU,R24EFZ4RGA54HI,R2XNIDW8U1KWC1","Decent quality,Good for the price,Value buy,It's good value,Ok ok quality,It have enough thickness. Good quality,Easy and smooth,Fine","Mousepad is sturdy enough doesn't move around a lot. The print is a bit rough. Expect this much smoothness at this price point. Overall decent product Will get your job done,In hand texture is good. May not be good for gaming as it feels little brisk after using it directly on table not sure it will be like that itself or it's my experience.,Corners should be stitched, but overall its the best quality in this price. Value buy,I like it,,https://m.media-amazon.com/images/W/WEBP_402378-T1/images/I/71dj1uPfkmL._SY88.jpg,Its smooth and cool and the bottom is made up of rubber which prevents it from moving while the mouse moves. Its great value for money. Easy and smooth,I want to return my order",https://m.media-amazon.com/images/W/WEBP_402378-T1/images/I/41FMV7m5bZL._SX300_SY300_QL70_FMwebp_.jpg,https://www.amazon.in/STRIFF-230X190X3mm-Waterproof-Premium-Textured-Compatible/dp/B0B9LDCX89/ref=sr_1_73?qid=1672902998&s=computers&sr=1-73
B096MSW6CT,"Sounce Fast Phone Charging Cable & Data Sync USB Cable Compatible for iPhone 13, 12,11, X, 8, 7, 6, 5, iPad Air, Pro, Mini & iOS Devices",Cables,‚Çπ199,‚Çπ999,80%,3.9,"7,928","„Äê Fast Charger& Data Sync„Äë-With built-in safety proctections and four-core copper wires promote maximum signal quality and strength and enhance charging & data transfer speed with up to 480 mb/s transferring speed.|„Äê Compatibility„Äë-Compatible with iPhone 13, 12,11, X, 8, 7, 6, 5, iPad Air, Pro, Mini & iOS devices.|„Äê Sturdy & Durable„Äë-The jacket and enforced connector made of TPE and premium copper, are resistant to repeatedly bending and coiling.|„Äê Ultra High Quality„Äë: According to the experimental results, the fishbone design can accept at least 20,000 bending and insertion tests for extra protection and durability. Upgraded 3D aluminum connector and exclusive laser welding technology, which to ensure the metal part won't break and also have a tighter connection which fits well even with a protective case on and will never loose connection.|„Äê Good After Sales Service„Äë-Our friendly and reliable customer service will respond to you within 24 hours ! you can purchase with confidence,and every sale includes a 365-day worry-free Service to prove the importance we set on quality.","AGU3BBQ2V2DDAMOAKGFAWDDQ6QHA,AESFLDV2PT363T2AQLWQOWZ4N3OA,AHTPQRIMGUD4BYR5YIHBH3CCGEFQ,AEUVWXYP5LT7PZLLZENEO2NODPBQ,AHC7MPW55DOO6WNCOQVA2VHOD26A,AFDI6FRPFBTNBG7BAEB7JDJSMKDQ,AFQKCEEEKXCOHTDG4WUN3XPPHJQQ,AHKUUFNMBZIDLSSPA4FEHIO2EC7Q","Kunal,Himanshu,viswanath,sai niharka,saqib malik,Aashiq,Ramu Challa,Sanjay gupta","R3J3EQQ9TZI5ZJ,R3E7WBGK7ID0KV,RWU79XKQ6I1QF,R25X4TBMPY91LX,R27OK7G99VK0TR,R207CYDCHJJTCJ,R3PCU8XMU173BT,R1IMONDOWRNU5V","Good speed for earlier versions,Good Product,Working good,Good for the price,Good,Worth for money,Working nice,it's a really nice product","Not quite durable and sturdy,https://m.media-amazon.com/images/W/WEBP_402378-T1/images/I/71rIggrbUCL._SY88.jpg,Working good,https://m.media-amazon.com/images/W/WEBP_402378-T1/images/I/61bKp9YO6wL._SY88.jpg,Product,Very nice product,Working well,It's a really nice product",https://m.media-amazon.com/images/W/WEBP_402378-T1/images/I/31IvNJZnmdL._SY445_SX342_QL70_FMwebp_.jpg,https://www.amazon.in/Sounce-iPhone-Charging-Compatible-Devices/dp/B096MSW6CT/ref=sr_1_42?qid=1672902996&s=computers&sr=1-42
B00LZPQVMK,Parker Vector Standard Chrome Trim Ball Pen (Ink - Black),Pens,‚Çπ272,‚Çπ320,15%,4.0,"3,686","A solid plastic body of the glossy black design, a contrasting stainless-steel clip, and a molded plastic barrel.|Parker Vector Standard Chrome Trim Ball Pen features a push mechanism closer and closes with a satisfying click.|Quinkflow technology for a smoother, cleaner & more consistent writing performance, in a word the greatest Parker ballpoint ever.|Practical body shape is easy to hold for a comfortable writing experience|2 years of warrenty against manufacturing defects.","AE3S2ZAEMH765KUJ57DR6HBZBB3Q,AHSIVUNTJMI5S5AJGFDE5EDQ355Q,AGQUDHVCMBW7DYS2HT5HA3QCZIEA,AFNXZNINQLTHKVRFI37VQAAFFGOA,AGVKQNHNS7PQK63FIB6EVC5GUAMQ,AEHZ4NOZ5SIDQLGODWS4UZ6RVQJA,AGBVAEUPMWYCDQIKNAD2DXEYWXZA,AEOJW7OWUZROZ6Z66ZQU33Y2ZYLQ","Fardeen mujawar,Pavan,Danny,Siddhartha Pratap,Rabindra Kumar Das,Amazon Customer,Rakesh Ranga Yadav,Nivedita Chatterjee","RD6OIJUG0R241,R3EUJ7A6LG8X7V,R1DWGT4USEVGYK,R187KH5XJBPS86,R2XYH31E9NK0GU,RDYNZZPHU7SZK,R2MR0DYZVFN3HA,R3PV91U8ZYN5DU","Ok,Like all other ball pens,Regular pen over priced,Nice,It is fine.,Awful blue ink,Nice and my Favorite Pen,Reasonable price","Can buy but only when price is less,It's not tht oomph feel to write...considering the name PARKER ...it's like regular ball pensRather can tell the ink is too dull compared to other ball pensLot of money taken under the name PARKERIt's the worth of 20/,I thought Parker would be good compared to the lousy pen. It's uncomfortable.  I don't use it at all.,Moneywise good,I use Parker pen because it runs fine.,The pen has a black body but blue jotter refill in it. The blue jotter writes awfully, the ink flow has reduced over time.,I'm using this from last 3 years. Im happy with the product.,Nice Packaging, quality, look",https://m.media-amazon.com/images/W/WEBP_402378-T2/images/I/41zNLdERuiL._SX300_SY300_QL70_FMwebp_.jpg,https://www.amazon.in/Parker-Vector-Standard-Ball-Black/dp/B00LZPQVMK/ref=sr_1_374?qid=1672903013&s=computers&sr=1-374
B09X76VL5L,"boAt Airdopes 191G True Wireless Earbuds with ENx‚Ñ¢ Tech Equipped Quad Mics, Beast‚Ñ¢ Mode(Low Latency- 65ms) for Gaming, 2x6mm Dual Drivers, 30H Playtime, IPX5, IWP‚Ñ¢, Appealing Case LEDs(Sport Blue)",Fones de ouvido,"‚Çπ1,599","‚Çπ3,490",54%,3.7,676,"Clear Voice Calls- Be heard clear across voice calls without those usual interruptions, with the ENx Tech enabled quad mics that cancel out unwanted background noises during calls, on Airdopes 191G.|Low Latency- Enjoy a lag less gaming and entertainment experience with BEAST Mode for low latency so that your sessions always stay smooth.|Dual Drivers- Delve into the boAt immersive auditory experience on Airdopes 191G TWS earbuds courtesy its 2x 6mm dual audio drivers.|Playback- It offers a total playtime of up to 30HRS, including up to 6HRS of playtime per earbud.|Instant Connect- The IWP tech makes it easier to power on the earbuds which occurs as soon as you open the case lid when the earbuds are being kept inside.|IP Rating- The earbuds are marked with IPX5 water resistance for a carefree listening time wherever you go.|Controls and Voice Assistant- Its smooth touch control lets one command playback, hands-free voice calls and activate voice assistant with ease.","AFQLURVIOJ7LVLKNHB76BZJ5KCZQ,AGWO43ZNNSWNOSQOL4QQI2LZ3PIQ,AG6UUJCP3QT24QUCT5PTQIYWUI6Q,AESTKWAZITTK43OZLDVJKVQRUF2Q,AENVPHUT7FQF3OD7CPPJYVO2YWIQ,AGZTN3YNM6RFDCZY5JPZYULSKWNQ,AFXZDRPDWF4RVB7PYC4W7EX22PAQ,AHPGVB4FAYZ7VYKWZ3CVGCYLVRNQ","Miki,Nikhil,Nidheesh V,Patel raiyan,Embari Sriteja,Shubham Kumar,Amazon Customer,subir das","R3HH89QPKPPH0N,R1RDMIVEKQR627,RA53P1TSFESWJ,R1YDORG7TANTE7,R2K9RPCJJ2IR5W,RLPU6DY334IHA,R35VO8VW4L2KA4,R1JJS4OLQE80Q4","Good for gaming.,Worst earbuds,Not upto Expectation mark,Good enough,Worth it,Not suitable for long use,Ear pain,Sound quality and build quality is good 2022 its a best choise","Good for gaming only. Other than that the sound quality is not as good as other models.(I have used 181, and still prefer that over 191).Battery back up is definitely better, but the case depletes fast due to the LEDs being lit everytime you put the pods back in.Ear pods are a bit bigger in size, so preferably not for those who use smaller earphones.,Don't buy this item. Sound quality of this earbuds make my ears bleed. It gives a certain static sound when it's silent. Only flashy thing is its got LED. Other than that at this price point you can get others. Don't go for it. Genuinely.,Ear fittting depends;was cousing pain at first,the sound quality okay, noice cancellation need to be improved!,,One side is not working,This is good for those who wants bigger buds and ..it's size is bigger than the normal so it may fall out form your ears and .. mainly it got automatically switched off..don't know why,Good... But after few time ear starts paining.. very much,Sound quality and build quality is good 2022 its a best choise",https://m.media-amazon.com/images/W/WEBP_402378-T1/images/I/41akwKtryWL._SX300_SY300_QL70_FMwebp_.jpg,https://www.amazon.in/boAt-Airdopes-191G-Wireless-Appealing/dp/B09X76VL5L/ref=sr_1_301?qid=1672903010&s=computers&sr=1-301
B08H673XKN,"Morphy Richards Icon Superb 750W Mixer Grinder, 4 Jars, Silver and Black",Kitchen Appliances,"‚Çπ3,249","‚Çπ7,795",58%,4.2,"4,664","Wattage: 750 W; Voltage: 220-240V; Revolution: 20000; 4 Jars with Juicer Jar. Juicer Type : Centrifugal Juicer. Locking System : Yes|Don't worry if you experience burning smell when you run your mixer grinder for the 1st time, it's due to the varnish. If the issue persists subsequesntly, kindly contact the customer care|Since your mixer grinder runs on a powerful motor, there will be some noise. If the noise level seems abnormal, please contact Brand Service Centre|Juicer Jar: 1.7 Litres, Liquidising Jar: 1.5 Litres, Dry/Wet Grinding Jar: 1 Litre, Chutney Jar: 0.4 Litres, Non-slip Feet - Yes|Powerful UltronMax for efficient juicing and grinding|4 hardened stainless steel blade for multiple functions|3 Speed control with incher facility","AGQFZAOQEKMAPWYU6U2R2SHO6S4A,AFLUP455XO2GOJYE3C6XS4OZJHNQ,AFBWIN5UT4RIRQENPJAL62AWUMIQ,AHEAXFPNYXFMJKRYN2HHVOOMTHSA,AHHM6EU3UYNVBOLWRFDKBI5BV4TA,AHMJFSNRDRGIRQDWA2YMWQOAPU2Q,AFC6F6TV4AYJGDZABEJF7CBILGFQ,AFIMXZ6IJBTM5TLCPTDUL5YL6ETQ","vignesh,Rajesh Babar,BASANT,Shweta,Randomsurfer,PRAKASH KUMAR,HOTEL S.,Pushpam choudhary","RICLGKGN5RFBD,RQV7WIBD0GS06,R25UI50GV8IC8H,R2LFQN3J98VK9K,R1ATYWNQEP9IRU,R1OKGK70LYSD46,R2LV882ASO4EJM,R1J8XIRST0HDN6","Superb,Quite efficient,Go for it,Very nice,Noisy but works good.,Powerful grinding,Satisfied for the time being.,Solid purchase","Good mixer under 3500,Noise level is slightly high, but quite efficient,Product is ultimate üëå super.,Mixer quality was very nice bt juicers jar not up to the mark,Very noisy. But works fine. Would have loved if it had extra bowl for that extra blade. Hectic to change blade into another bowl for using the extra blade. [Suggestion: One inverted jar would be nice too.] The juicer has the loose locking system, all others have good locking systems. Some plastic from mesh was cut when using it, that needs better alignment. Overall worth the purchase. Even with the excess noise. Also the screw tightener for changing blades broke after 3-5 changes of blades. But that is not big deal. It would have been better to have durable nut tightener.,Recommend to buy this good quality attachments and powerful 750 watt motor. Not less than bosh grinder at less price.,I had  purchased Active 1 kw earlier from Amazon but the item being imbalanced was returned for replacement. The replacement piece received has the same defect which was returned for good. Then in view of the reviews I went for this item and so far its performance is satisfactory although some of the reviews were discouraging. If you want power as well as reasonable rates, go for it.,Very  good item",https://m.media-amazon.com/images/I/417XNLkkFRL._SX300_SY300_QL70_FMwebp_.jpg,https://www.amazon.in/Morphy-Richards-Icon-Superb-Grinder/dp/B08H673XKN/ref=sr_1_206?qid=1672923601&s=kitchen&sr=1-206
B06XMZV7RH,ATOM Selves-MH 200 GM Digital Pocket Scale,Kitchen Scales,‚Çπ308,‚Çπ499,38%,3.9,"4,584",Auto Calibration|Tare Full Capacity|Auto Off: 30 Seconds Off|2AAA Battery Included,"AFMJG5IJKO7AFSAAXTAAHIKK4DDA,AHDEDC3POAU5BZGDWP33QORI3YEA,AFLPTFP6N5EL5WWVVB5ELDFJ6DPQ,AE2IURVHTZIHYVJSWHTXDKEF3QOA,AEY4DSGBLEDYOHJTHH4VKWLS777Q,AHLX7ZJKWBQ6IEC5R7O56JAVEHPA,AERUNKZJXZDXZ7WPIUH5SQHDDWUA,AFJSTDPDPNSJF5IOIZN4ALD2W2NA","kanwar Singh,Vipul,Bsanju,Chiranjeevi,S,Devang.Gadgil,Nilesh Kumar Dev,Rafik","R3KA8I1JO7VWHM,RGN972IS97APK,R19V3GRW0VRBAC,RAXEY84M4ISW1,R1PSYUMKHDXHVU,R1625BVG24Y7M,R1KYTADP38QAD0,RTX0APKPL4NRR","OK Product.,Good & accurate,Not working inaccuracy,Ok for approximate weight estimation,Stopped working,Works just fine,but needs to be handled very carefully,Cheap qulity but accurate,Good Product","OK Product.,Very delicate but nice and accurate now see how long it will last,,Gives an error of +/- 30 milligrams,It stopped working after 7 months of use.,This is a sensitive product so it needs to be kept on a stable surface to use,it shouldn't be overloaded like ever,cuz it will damage the sensor,Good product at this price. Built quality is not world class but good for temporary use.,Good",https://m.media-amazon.com/images/W/WEBP_402378-T2/images/I/41Oo66iQH7L._SY445_SX342_QL70_FMwebp_.jpg,https://www.amazon.in/Atom-Selves-A100-Digital-Pocket-Silver/dp/B06XMZV7RH/ref=sr_1_152?qid=1672923598&s=kitchen&sr=1-152
B09VGKFM7Y,Amazon Basics 2 Amp USB Wall Charger & Micro USB Cable (White),Electronics > Accessories > Chargers,‚Çπ219,‚Çπ499,56%,4.4,14,Durable wall charger with fast charging ability|Flexible and long USB cable|Can transfer data at a speed of 480Mbps|Protects devices from short-circuits|Can be used to charge 2 devices simultaneously|Compatible with any Android device|Dimensions: 7 x 4 x 8 cm; Weight: 90 Grams|Package Contents: 2 Amp Dual USB + Data Cable (Colour: White),"AFQ7AUYJOIE2HH63KIUQK45ENQ2A,AHT7TTZ5JOTUL7CYSG5BBVPKD37A,AFB2AKARKRKHAB2PUCALX2GXOM3A","Prabhanjan,Chittiprolu Ramya,Litu prasada mahanty","R33M2Q7OES3GBK,R125QF7WMZW3NW,RMDVRDSEK73L8","Quality product,Excellent, it's fast charging,After 12 days not working üòî","Product works well and charges the devices in a quick mannerValue for money.,I like this product,Not working üòî after 12 days",https://m.media-amazon.com/images/I/31poWDDorOL._SY300_SX300_QL70_ML2_.jpg,https://www.amazon.in/Amazon-Basics-Charger-Micro-Cable/dp/B09VGKFM7Y/ref=sr_1_460?qid=1672895886&s=electronics&sr=1-460
B09BNXQ6BR,"Noise ColorFit Ultra SE Smart Watch with 1.75""(4.3cm) HD Display, Aluminium Alloy Body, 60 Sports Modes, Spo2, Lightweight, Stock Market Info, Calls & SMS Reply (Vintage Brown)",Smartwatches,"‚Çπ2,799","‚Çπ6,499",57%,4.1,"38,879","1.75‚Äù TruViewTM display : See the clear, bigger picture on the 1.75‚Äô‚Äô touch screen with 320*385 pixels Crafted from Grade 6061 aluminium, ColorFit Ultra can withstand daily rough use with ease.Strap Size & Material : 22mm & Silicone|Personal health assistant & NoiseFit App : Take care of your health with features like blood oxygen (SpO2), heart rate, stress, REM & sleep monitors. Know more about your health, stay connected with the world and more via the dedicated NoiseFit app.|60 sports modes & 100+ watch faces: With 60 sports modes, you are spoilt for choices; just pick and play your sport. Change your look as per your preference with 100+ customisable and cloud-based watch faces (and straps).|9-day battery & IP68 Waterproof : The powerful 9-day battery stays with you through your everyday hustle. ColorFit Ultra is ready to go with you everywhere, thanks to IP68 waterproof rating.; Productivity features : With smart utility features like call notification, quick reply SMS, world clock, stock market info, torch and more, you will be on top of your game. Charging Time : Upto 2 hours|Item Type Name: Smartwatch","AEZH7UN4SKV7VKJ3NYH7D7CBHA4A,AEEMDECLMB6ZOYW4MZDRUTMPNDMQ,AGCDPH7XJBZZ6ALNCA6XYKP3BZIA,AEZHGBDTPEAIDEC4HF753JL7NDNQ,AFNGYI4A433E2ZEIJ4PTRXTOFSCQ,AGGWFNVDN6N7RMXJH3DXEDO63ANQ,AEF27BA6AC4XT2HSGW57TG3YS2HA,AF5WOBBT3ODEBTFUCW72L3P57TLQ","shiv,Pankaj Bhatt,Dipanshu Kr Biswas,Jeet Jangam,Ekta,subhabrata paul,Anurag kumar,Manish B.","R1JO87DOGUEQHC,R1UQ0AYNB30CZS,R34O4E591I5RJN,R2X9U1VWHBNIAX,RPRRWM1J2QDNP,R32LTUGL01I85B,R1HKJTBFVLO3DB,R3S7HEACPHR8D5","Budget friendly watch,Good product at this price range,Ok,Satisfied,Watch ‚åöÔ∏è Review,Nice,Display touch was good but screen bazales is too much,Nice watch under 2000","I liked the watch, the battery of this watch is so good that before use i charged this watch and it's been 2 weeks and this watch still have 25% battery left. And nagative side is i ordered black strap watch and i got grey strap watch and this is sellers mistake, i tried to return this and I've called Amazon help line then hear my problem and see it online that i got wrong item and then they say they will connect me to other person who will solve this and then no one pick the call the ring just continue to ring and after 5min i thought that no one is gonna pick the call ever and i disconnected and start using it. Watch have some basic futures and i like it.,One of the best product in this price range. Been using it for a year now and I have no complaints. Built quality is good. Steps count is not very accurate and we can say that the software lacks in accuracy in many ways when compared to other big brands (Apple/Fossil). But I have seen worst. Touch is very smooth and the notification alerts works as expected. This is water and swim resistant. I am not sure if it has IP67/8 rating but I believe this is dust proof as well, since I have been using it for almost a year now.Good product for this price range.,Everytime sleep mode has to activate, this should not be done. It should be automatically.,Good product,bezels are big but it's ok for this price range and I am satisfied with the product.,Watch is beautiful and upto mark, only one con in this watch, you can't  attend the call and revert you can only revert by messages,Nice,https://m.media-amazon.com/images/I/71ZeE6pWAaL._SY88.jpg,",https://m.media-amazon.com/images/I/41AGCk95dpL._SX300_SY300_QL70_ML2_.jpg,https://www.amazon.in/Noise-ColorFit-Ultra-SE-Smartwatch/dp/B09BNXQ6BR/ref=sr_1_303?qid=1672895835&s=electronics&sr=1-303
B09P858DK8,"WeCool C1 Car Mobile Holder with One Click Technology,360¬∞ Rotational, Strong Suction Cup,Compatible with 4 to 6 Inch Devices, Wildshield and Dashboard Mobile Holder for Car, and Use",Car Accessories,‚Çπ489,"‚Çπ1,999",76%,4.0,"3,626","One Click Release : Inserting or releasing your phone to the Mobile holder for Car Dashboard is made very simple with this WeCool Smart Gadget. Just use a single hand to lock or unlock the phone in your Car|360¬∞ FULLY ROTATIONAL Mobile Holder : WeCool Mobile holder with a 360¬∞ rational body so that you can watch from your preferred angle after fixing the Mobile Phone holder car. Find the viewing angle that does not hamper your driving or GPS navigation|Mobile Phone Holder Car C1 can easily accommodate smartphones with screen sizes of 4 to 6 inches. It is also designed intelligently to connect any cables from the space below the charging port. Also you can view your phone notifications better.|Anti Scratch and Shake Proof Mobile stand for Car Dashboard. The Super Power grip from double shift locking and super strong sticky Gel Pad and Premium ABS Body saves your phone in every situation|Car Mobile holder for dashboard or Windshield is designed for fixing on WindShield or Dashboard of your car. Firm Grip on plain surface as well Textured Surface ensuring maximum safety to your phone|This WeCool Gadget is covered with 1 Year Brand Warranty. To avail the Warranty, register your product in the brand website with in 10 days of purchase. Reach the Customer support team at 9036228529 for Technical support or any other Query.","AFLKEO2K6COQHU2DXPFV54VSZYDQ,AE7CRGIWRNSZMTVAHR3SWOUQVFUQ,AG67CGR3C43TNGHCXQDEHUMT5QSA,AF3ZXSDNA4OBYAYA7DKTZ6QOZOZQ,AFD5PNXQHWWDULY26SXS7SIYRG2A,AFNOEGQW7O3AHVLS6EBSUQP3VBXA,AFYHQLI23FMT3VQTHL6MTDZUMRVA,AGRKUDIXVSUQBXB2VMMCZZZ7QPPA","Santosh Verma,Saravanan,Dr Sandeep Rana,Bal singh,Ashokrajan,Anirudh,NIL,MaGe","R1P673FG5GG9AO,R3ROYQ6BV3RM5T,R3ETCBWLMH5U7J,RL03M79RJEZYY,R38671IDIYF3KV,R20KDGMHU5A66W,R1H428OSIRK1PP,RC0FSCHN4TB9A","I like the product,Best product with good customer care,Best suction and decent plastic quality,Good product with good quality,Good solution,Good cup adhesion. Overall satisfied.,Overall nice product,Nice One","Look good,The product is good, does what it says especially to mention about their customer service and replacement policy which is too good with 1 year warrenty. Kudos to the team!,Overall a great product I had this fear before buying that how good it will adhere but it's doing fantastic the only field where they had a scope of improvement is the plastic quality it's decent but could have been better,Good,Except minor noise, rest all good,Stayed well overall through a rough drive of 1000km and seems sturdy enough to last long. However, the nuts at the joints needed tightening 3 -4 times during the trip and there are a few rattles too.,Quality product with affordable price.,I Used this for swift Dizre 2018 Model Working Good condition  and specially it has the lower hook. so it hold Good .Nice one . if you looking for buget segement just buy it .",https://m.media-amazon.com/images/I/41fkuZKjGCL._SX300_SY300_QL70_ML2_.jpg,https://www.amazon.in/WeCool-C1-Technology-Windshield-Extendable/dp/B09P858DK8/ref=sr_1_104?qid=1672895777&s=electronics&sr=1-104
B09CGLY5CX,"Crompton Insta Comfort Heater 2000 Watts Heat Convector with Adjustable Thermostats, Hybrid Cyan, Standard (‚ÄéACGRH- INSTACOMFORT)",Heaters,"‚Çπ1,959","‚Çπ2,400",18%,4,237,Two heat setting|Adjustable Thermostat|Over heat protection|Thermal cut off|Vertical & horizontal mounting,"AGOQZTWW4TWCEF63HEFYT4AEIFPA,AHFE7BRH7S5NK64EFSE44PPPE5VQ,AE6CCAMGPBVPHGMC3F5OFEGLSNXA,AH7MEOSIJPT7Z2WMJI4ROMY3I2QA,AGFRVZRJQWOFEH6MWQJS65SIXIIQ,AGMG3K7YUIDFHK5L2KD6Q2XWTIQA,AFN5VZK3VEW3GLLAIDD7I3GKBMVQ,AGFJYU5UVYUCUTX3HOBADIW4CMRA","NARENDRA A.,Utsha Datta,Uma,smsn,Abhishek,partha sarthi,Utsav,Kuldeep","R7X2SNIY1SC15,RG8BSIGRIQFID,R3BN90I5BQ14ZV,R131YF9XI5CCEX,R3O40F4X6UJHEZ,R8K4AKD25TGGM,R1G7J0WCVPAH6R,RASSFJPXJD0WU","Nice heater,Nice,Plug needs an adaptor,Elements is not of good quality burning smell,It's ok ‚ò∫Ô∏è,Beautiful design light weight effective one,Plug issue,Damaged item received","Value for money,No likes no dislikesValue for money,Plug needed am adaptor,The element is heating too much , need to shut down each time . The product is beautiful designed but quality wise crompton greaves has comprised:The basic feature of any heat convector is element if it is getting heat up üîù then it‚Äôs broke down,It's to good ‚ò∫Ô∏è,Value for money....,Plug is too large for this type of plug you have should have 16 amp socket board,",https://m.media-amazon.com/images/I/31uLbVqjaqL._SX300_SY300_QL70_FMwebp_.jpg,https://www.amazon.in/Crompton-convector-adjustable-Thermostats-Standard/dp/B09CGLY5CX/ref=sr_1_120_mod_primary_new?qid=1672923596&s=kitchen&sbo=RZvfv%2F%2FHxDF%2BO5021pAnSA%3D%3D&sr=1-120
B0883LQJ6B,"Usha Goliath GO1200WG Heavy Weight 1200-Watt Dry Iron, 1.8 Kg(Red)",Irons,"‚Çπ1,199","‚Çπ1,690",29%,4.2,"4,580","Heavy 1.8 kg for effective ironing|power 1200 W for faster heating|Dual Coating Weilberger Gold soleplate for durability|1.8 m long cord length for better reach. Spray : No|360 deg swivel cord, Fully covered convenient plastic body|Overheat safety protection|Indicator light for readiness","AFQAXRM4XEA72PNIMWCW2F53ISWA,AE5VPGHORHY2ZU5RW6B3AEL4CFJQ,AGHHTIPESD2S56DORYF5DK7VWAVA,AGNUZ45QI5DHUL6EFTEDFWHH5TSA,AF265F7UPZDF6O6JA5OZNC4BMURQ,AH7ATUCWGGF2CFH6O2B6JAZLH3RA,AEIRF32A5JCOXLBOHRARCTNE6KPQ,AGOOI3OO3V3Q6GB74PMJ7HCTB2FA","Subanathan,Vaibhav.Vichare,Naveen Kumar,Prosanta Das,Sudarshan Singh Rawat,Periyasamy,Raju,Prashanth Gangula","R293AKJY0KAYU2,R1CKLC9EOIW0CO,R1SFNUH4BC29Q4,R23FF4AI11EGQG,R2ITLBT3D3QIFF,RZ2TK6IVJL936,R1ZCONBNFKG8ZC,R1OJUIJC0SV7DS","Nice,Heavy weight and good product.,Value for money,Looks good one but returned,I like it and good product,Super build quality,Nothing,Best iron box","Value for money, performance well,Review after 1 month. Good product. 4 stars.,Easy to use, comfort to handle nice product,I got this dry iron today and it looks really good and I think it should be the ideal one for dry pressing and weight is quite heavy of 1.8 kg and it's big one but weght might be a problem for week women. But unfortunately I have to return it as lot of  scraches are there on non sticky plate and that will follow a further damaged over there in future. UT here I want to inform you that many people have already got these scratches and they have returned it. So be very careful to verify before using it,I like it overall the best.,Heavy weight but I like it super build quality,Valuable money,Best iron box",https://m.media-amazon.com/images/I/31XPVmD8gUL._SX300_SY300_QL70_FMwebp_.jpg,https://www.amazon.in/Goliath-GO1200WG-Weight-1200-Watt-Maroon/dp/B0883LQJ6B/ref=sr_1_236?qid=1672923603&s=kitchen&sr=1-236
B08VGFX2B6,"Kuber Industries Waterproof Round Non Wovan Laundry Bag/Hamper|Metalic Printed With Handles|Foldable Bin & 45 Liter Capicity|Size 37 x 37 x 49, Pack of 1 (Beige & Brown)-KUBMART11450",Laundry Supplies,‚Çπ177,‚Çπ199,11%,4.1,"3,688","PACKAGE CONTAIN: 1 Piece Laundry Basket|MATERIAL: Non Woven, COLOR: Beige & Black|PRODUCT DIMENSION: 37 x 37 x 49 CM|EASILY FOLDABLE: Built-in handles for easy transport from the hamper to your washing machine. Easily folds open to put into use and quickly folds flat for home storage when not in use.|Easy To Use: This is a multi-purpose organizer that can be used for keeping various things. You can set a few bags for various items, such as office clothes, home clothes, daily essentials, and many more. This will help you get the things and will also save time in re-organization.","AFIW7SS6JYD246VDPFCNSS45PH7A,AEOI3LGG2G5YAM647D2WYTRHMPAQ,AHSKMWRIGAXR4TF5RMVJCNOIAJZQ,AFQ5YTBEEJ6L2CH67Q3TNTJDIJ7Q,AG4AFKT4PVRYWBKJMOJEKFUSU5MQ,AFPMOPGPU5NWYHAOEYSYXPI5S63A,AEK63HRZEJ3UTPW5TRT3E5PXAIQA,AHIHM65JP3HOHP2GPPDMKIAZJQCQ","niket,Priyasree,Ashwani Agarwal,utkarsh,rajani 2406,Mazrudeen,arun kumar,Amazon Customer","R20PP3QU2OXVOH,R24JMSEEM3755G,R1IWN9BPDUY3BS,R19B3I4NRNXU86,R32K7NCIA17OJN,RGRROWWT9JAHP,R1P7PAXB06JTJU,R13JQ20APUVZ1O","good product,Nice one,Product is gud but size could be little more,Best Buying,Good product,Material is good,Worth for cost,Sturdiness of Kuber Industries Waterproof Round Non Woven Laundry Bag","good product,It looks decent, has decent space and serves the overall purpose.,Good products size could be little big,Good in quality.,Its about knee length height. The ring at the top is broken inside the loop. Otherwise it is very good. Need to check for durability,Handle Material is so much good. The stritching is not tight in some sides it will get loose in few weeks. If u buy, u have to once again make stritching then the durability is longer..,Good,The bag is worth the costing however the picture gets a little misleading as it's not as sturdy as shown in the pictures & the capacity is also not much. A very handy bet in case if we are trying to get something in pocket friendly price.",https://m.media-amazon.com/images/I/41wqOJ5t9QL._SX300_SY300_QL70_FMwebp_.jpg,https://www.amazon.in/Kuber-Industries-Foldable-Laundry-KUBMART11450/dp/B08VGFX2B6/ref=sr_1_116?qid=1672923596&s=kitchen&sr=1-116
B07MKFNHKG,VW 80 cm (32 inches) Frameless Series HD Ready LED TV VW32A (Black),Televisions,"‚Çπ6,999","‚Çπ12,999",46%,4.2,"4,003","Resolution: HD Ready (1366x768) | Refresh Rate: 60 hertz | Viewing Angle: 178 degrees|Connectivity: 2 HDMI ports to connect set top box, Blu Ray players, gaming console | 2 USB ports to connect hard drives and other USB devices|Sound : 20 Watts output | Powerful Stereo Output | Power Audio, Music Equalizer|Display: A+ Grade Panel | IPE Technology | True Colour | Cinema Zoom | Slim Bezel | Cinema Mode|Warranty Information: 1 year warranty provided by Visio World from date of purchase|Installation: For requesting installation/wall mounting/demo of this product once delivered, please directly call Visio World support on (Please visit brand website for toll free numbers) and provide product's model name as well as seller's details mentioned on the invoice|Easy returns: This product is eligible for replacement/refund within 10 days of delivery in case of any product defects, damage or features not matching the description provided","AFIU4APGHOFMXEOVMSQMYKMZ46QQ,AEOFYPCJJQYCKISUR6EC66IZH23Q,AFZSMXS2MILXOSTT2ZEJDE3W7TLQ,AFREYXJZFUSZT7YHDJ4JOF67O6VQ,AGMQDZGGSEBXX4KBJOBAGIFI36OA,AHJ7INNUX3KZSEZRJKFMRJAX7TZA,AGYTCTSUZJJZTK2XVADTQI5MYUFQ,AFZHLQMILG47ZESR5TLNB5QK66HQ","Amazon Customer,Yousuf,Raja Laxman,Pooja Thapa,Selva Vellingiri A,Nikhil Padwal,Bipin,sandip","RFZ1X95QMXWFZ,R1P8SL54VCWSMQ,RSWY4LT0L7TCL,R2GEJ1MJF28QVM,R2K5NT5XE6LM6T,R26BYG85S4SSVY,R3HB3IY6922TUM,R3A3CEQUX9QMFE","Firestick plugging in issue, otherwise a good deal,Cheap & Best Product,Low budget led tv,Nice tv,Very. Good,Why is the installation guy asking for installation charge?,Good Budget Tv,Good TV but after using it for 9 days, has found a flaw","I got this for 6k. At this price point, I believe the TV provides decent quality. You shouldn't expect amazing quality anyway from a 1366x768 screen resolution. The audio is also okay. Beyond 50 the audio starts cracking.From a viewing distance of 6-8ft the quality looks good.PLEASE NOTE: you will STRUGGLE quite a bit to directly add a firestick to the HDMI port. They have given some other ports right next to the HDMI ports because of which the firestick doesn't have proper space to fit properly unless you really shove it in there. My suggestion is to get an HDMI extender for it.Overall, I'd say, for a small room, it's a 7/10.,Value for money, Satisfied with the product till now,This Led tv low budget Good üëç Performance but picture & audio not good,https://m.media-amazon.com/images/I/61QvXYP2McL._SY88.jpg,Good,Tv is great but the installation guy asked me for 400‚Çπ paid installation... Misleading information but again for this price it's good tv. Don't pay installation guy you can do it yourself,,I will give it 4 stars out of 5. I bought this 32 inch VW at 6150 after discounts. Picture quality and sound quality is good.I added firestick to it and it voila became smart tv. The connections to attach these usbs are at the bottom part of the tv which is slightly different from other tvs.So far, working as it should.Revising this after 9 days, the tv is not responding to switch off button. This is happening more when i watch the tv for a few hours and then when i switch off the tv with the firestick remote, the yellow colour indicator down below does not turn red, instead it remains yellow. As far as screen is concerned, the tv's screen changes to black whitish, seems to me that the tv goes into hibernation or sleep mode. This is a fault of the tv as a normal tv should swith off completely and the indicator should turn red. i have called technician tomorrow and if he checks and if he agrees, then i should get a replacement as i got still 2 days time to replace it.Just a helping note for people buying this tv: if you are going to connect firestick to it, as it asks for the brand name of the tv, you can select VU and it will perfectly work on your firestick. Thanks and enjoy!",https://m.media-amazon.com/images/I/418GxB04szL._SY300_SX300_QL70_FMwebp_.jpg,https://www.amazon.in/Visio-World-inches-VW32A-Ready/dp/B07MKFNHKG/ref=sr_1_58?qid=1672909126&s=electronics&sr=1-58
B086GVRP63,Amazon Basics 650 Watt Drip Coffee Maker with Borosilicate Carafe,Drip Coffee Makers,"‚Çπ1,189","‚Çπ2,400",50%,4.1,618,"Compact & powerful 650 watt drip coffee maker for home and office use;Brews up to 5 cups at a time (25 ounces or 740 ml)|Premium quality materials are food grade with a glass borosilicate carafe;Reusable filter and removable filter basket is convenient and does not require additional paper filters|Auto keep warm function is ideal for instant, anytime coffee;Easy to use & set up|Please Note: Carafe is to be hand washed (not dishwasher safe);Package Contents:- 1 x 650 W Drip Coffee Maker with Borosilicate Carafe|Color Name: Black; Material Type: Metal; Size Name: Standard","AH6NXC2M3PH6OZHLJ6YXG54VIBMA,AGSDBEOHKXCL3WBEIN5VEZK4JY4A,AFCHIB73U3D4VQHZCH4MV2Z5FESA,AGLFKVLO32UB72C43CQNOPGQVKGA,AHBUPKENA77XVDAUGWUHVZLCKSEA,AEY34MNYOS24F3P7Q3IGMQVH3ZUA,AHMBANCEQ5AJOQVPFHONG2QTDE7Q,AFNQQLFJGPPNZCI6BVYZCEAZQZQQ","Subhajit Sadhu,Indrajit Sarkar,Ashwath,Dorje,Harish R.,Jana,Amazon Customer,Viknesh Harren","R3NLWGZTKSITSC,R1NCNL2F8KAM4L,R32I8HG9OTUY0V,R1Y6YHN4M285CN,RIR2EVLB3KG1Q,R2KUZ1CLHNTJAY,R27RDEPJ1W7VOQ,RQWPQXKORWT5I","Okay to use,Good value for a well finished product - recommended,Do not buy this product,Better than expected.,Best carafe from amazon,Build quality is not that great,Replacement parts not available or sold for twice as much as the value of the entire product,Good product","The pricing is good, using is very easy but the product is not too much worth to buy.,I have been using a similar coffee percolator for over 20 years now - and my old workhorse, a Chinese (Nova) is still capable. Since it was white, and therefore a very unappetising sight now, I needed a new one.Packaging: The design of packaging was perfect - stiff corrugated sandwich board box, foam profiled panels stuck on board for bottom and top, board wrapping around the glass kettle, the whole unit inside a thick ply cover. Frankly, this sort of packaging is more common in high end audio equipment. 5 * plus for the packaging design.Size: This is a small machine - and will make about 600 ml of coffee - sufficient for 2 mugs in one go. If you need a larger volume - look elsewhere.Body and finish: The plastic body is well made - the matte finish looks good. The bottom metal plate is seamless and black - will have to wait and see when spots appear. The kettle is good quality glass, and though no branding is present, feels thick enough to withstand minor washing bumps. The filter bucket and the holder with the flow control spring is OK - hopefully the spring and washer - which are fixed - will last. The lid moves smoothly and the hinges and the sprinkler also look sturdy. Switch is firm.Function: It worked very well on the first use. I had used an extra coffee filter paper on top of the nylon filter bucket. The flow was smooth. Coffee liquor starts weak, and then picks up strength. The drip stops well with the removal of the kettle - and though the manual cautiously states a 10 sec gap for drip stop, I did not find any leakage on longer removal.Overall: Very satisfied with my new coffee maker. Recommend buying.,Product doesn‚Äôt work within a month,Easy to use, and it turned out better than I expected it to be for the price.,Just Magnificent. Saves lot of time.,The plastic quality for this product is poor. It feels like a toy. I had bought a Amazon basics air fryer it had great build quality comparing to this Amazon basics product,If you try to find a replacement part it costs twice its value,its cheap and breakable. And the coffee is very very light,waste of coffee and also not a good flavour.,Nice product and simple to use",https://m.media-amazon.com/images/I/41EuzetRjTL._SX300_SY300_QL70_FMwebp_.jpg,https://www.amazon.in/AmazonBasics-Drip-Coffee-Maker-Black/dp/B086GVRP63/ref=sr_1_309?qid=1672923607&s=kitchen&sr=1-309
B0B5KZ3C53,"KENT Smart Multi Cooker Cum Kettle 1.2 Liter 800 Watts, Electric Cooker with Steamer & Boiler for Idlis, Instant Noodles, Momos, Eggs, & Steam Vegetables, Inner Stainless Steel & Cool Touch Outer Body",Kitchen Appliances,"‚Çπ1,599","‚Çπ2,900",45%,3.7,441,"KENT Multi-Cooker is a smart and efficient kitchen appliance for cooking, steaming, and boiling|Multi-cooking feature to make idlis, boil eggs, steam veggies or momos, or make masala tea|800W high-performance ensures instant results|Stainless steel inner pot and transparent glass lid|Cool-touch handle and auto shut-off feature offer safety and convenience|Features Swivel Power Base for added convenience|Ideal for nuclear families, bachelors, and travelers","AGYNRGEH26Z7PFCEBRVWTJ6RZ4PA,AHLEYZIZY2JWUVX7ZJUP2ZDQHZRA,AHMJJFA7DVXYO76MLL6IAPZYNHBA,AETECGJKFYFTKFIB5ATS6YRUKWVA,AGPYC54L575ZDPY7FEGITMLYI2UA,AHPT7QLZD7MKHTRII3BGGNHDNHOQ,AEGALXWP75YMO7CPPRFZBHHM73DA,AEOLDYDAFLQTHPD7HIODC2Q7HKZQ","manisha,Suryakant,Uttam Kumar Mishra,Raunak V.,Dheeraj Sharma,SYED JAFFER,Ashutosh Chawla,ekta arya","RVJJVCMWN8Y41,R14A126YKLIWX,RJC5HHN4FL2JC,R1APUQA31CW43L,R2K9GKKR6MR93W,R11HJ548X7I0KV,R3GDVPN872JGGU,RJ3JAJU16YNQM","In one use there is a burning spot in level of cooker.,Great product but having some minor concerns,‡§∏‡§æ‡§• ‡§Æ‡•á ‡§á‡§∏‡§ï‡•á ‡§∏‡§π‡§æ‡§Ø‡§ï ‡§™‡•â‡§ü‡•ç‡§∏ ‡§®‡§π‡•Ä ‡§®‡§ø‡§ï‡§≤‡•á ‡§π‡•à ‡§ï‡•É‡§™‡§Ø‡§æ ‡§≠‡§ø‡§ú‡§¨‡§®‡•á ‡§ï‡§æ ‡§ï‡§∏‡•ç‡§ü ‡§ï‡§∞‡•á ‡§á‡§∏‡§ï‡•á ‡§¨‡§ø‡§®‡§æ ‡§á‡§∏‡§ï‡§æ ‡§Ø‡•Ç‡•õ ‡§®‡§π‡•Ä ‡§π‡•ã ‡§™‡§æ ‡§∞‡§π‡§æ ‡§π‡•à,It is small and atractive,Expensive,Good one,It's no easy to use,Amazing product for baby and adults both","It is big to travelling purpose other wise it is good,If you travelling out side with your baby then it will best option for you to take it and use it for hot water and khechadi.Also you can make itili on this.One minor concern is this product is sensitive to water, it means if want to cook food without water then it will torn off automatically.For example if I want cook some fried thing then i should use oil first then at that moment it will not work because you used oil.So you cannot fry anything on it.Only you can do using water. Everything that can be done by using that be done using it.So keep this thing on your mind while purchasing this item.Apart form this everything works great.,‡§â‡§™‡§∞‡•ã‡§ï‡•ç‡§§,It is good for small family and easy to clean.pl.provide at least 2 Meier cord for immediate use and mak  eplace for 360 movement cord.,Size is very small...,I think it's a good product,I had to return it, because off size, it's very small and I doubt it's useful for rice cooking, it's good for steaming and boiling,Not wasy to use and quality of moulds etc is really bad...Complicated process of how much water to fillNo Clear instructions on cooking,",https://m.media-amazon.com/images/W/WEBP_402378-T2/images/I/31tiptnSbZL._SX300_SY300_QL70_FMwebp_.jpg,https://www.amazon.in/KENT-Electric-Steamer-Vegetables-Stainless/dp/B0B5KZ3C53/ref=sr_1_139?qid=1672923597&s=kitchen&sr=1-139
B00N1U7JXM,"3M Post-it Sticky Note Cube, 200 Sheets (4 Colors x 50 Sheets) | 3"" x 3"" Size | For notes, reminders, study, school and organizing",Sticky Notes,‚Çπ90,‚Çπ175,49%,4.4,"7,429","Material: Paper; Size: 3""x3""|Colour:Multicolour|Add creativity to your communication|Bring variety and personality to your note|Colour code your tasks","AFCNMPYF3HBJZ3FYMKXQAMR55OSA,AFW6KM45ORMBEVYBQ4QMSGG2ODOQ,AEWQF6RZYLNE6KZGF7DKK3C7IVGA,AFSLFJUEJHEFU5FAYUPIW2DZZR4Q,AEFUZZHV62AGF5NW5JJMEQI5TJ2Q,AGYOCAXRDRTOABD7L7HRINORYK6A,AFGWCA57CSCLUTCHHHRQOHUZALAQ,AF5DDVYNOENPTAMINHPTVCNWPCZA","Deepak kumar,Ahsan Shaikh,Karan Khanna,Sagar Nemade,Fazeela Fazzii..,Manoj,Sujoy Singha 93,Mani","R3JRQ21J8LHK67,R2100TLJUT7YQM,R12XEPS4NQ1XIR,R2QO6YC2WQ78Y4,R3HTM8I9Y12U7R,R2X56GH9II23XQ,R975UDYN89ORH,R1G9Y353J4EWAK","Adhesion,Good product,Does not stick,Nice sticky note,good,Not up to the mark,Worth to sticky,GREAT....","It's a good product but the paper sometimes  dosent  stick on surfaces for more then 2 times.,Nice sticky notes,Pros: Quantity and ColorsCons: the adhesive strength is almost non existent.Its just paper cut outs,Has 3M adhesive,good,Not up to mark,Worth to sticky.. helped me a lot in remembering mindmaps,",https://m.media-amazon.com/images/W/WEBP_402378-T2/images/I/41yNejBMf+L._SY300_SX300_.jpg,https://www.amazon.in/Post-Cubes-sheets-colours-inches/dp/B00N1U7JXM/ref=sr_1_262_mod_primary_new?qid=1672903007&s=computers&sbo=RZvfv%2F%2FHxDF%2BO5021pAnSA%3D%3D&sr=1-262
B07WNK1FFN,"AGARO Esteem Multi Kettle 1.2 Litre, 600W with 3 Heating Modes & Rapid Boil Technology",Electric Kettles,"‚Çπ1,260","‚Çπ1,699",26%,4.2,"2,891","Multiple usage- Boil Water, prepare eggs, tea, noodles, etc.;Capacity: 1.2 Litres, 600 Watts|3 Heating Modes- Boiling, Heating & Keeping Warm;Easy to clean wide mouth|Transparent glass lid for superior cooking;Accessories: Stainless Steel Grill, Egg Boiler Rack, Plastic Bowl|360 degree swivel detachable power base|Size Name: 1.2 Liter; Color Name: Black","AGKKNM6BD3A6GKIOIIX4JJBDLDYQ,AFD4QMZGWAYTZ3UNBOFRY6VZ2RTQ,AEWCCNZCVTSPJOV3Y5WKHQNKOMFA,AFIWLA4V26PMEUGOVI5YCG3P2CQA,AEF43YVI4VWAPHIJ6PVL72WYMLZA,AFTIKI6VVBGFNSNZNF42LO54PYDQ,AHOQDOFZZ7JZLFNM72XUCART76XQ,AEUKN7UQLOQ63SSRFPMYFGH2T5UA","videv,Vishal Rai,Dawood,arfaat,Mohit Sharma,Noman,Khadija khatun,MAYUKH BANERJEE","R27191EB7KCEZP,R3KKAMYDQAI5WH,R3MSYM05H7OI65,R1KCIHR6YIA803,R2RVRY8NZ4GKVX,RPM4MVT8HNIXD,RXKHOEIGETJQK,RNQ3UU0QIAJO3","600 W heating kettle with warmer & temp control, half coil heating element looks odd,Overall a Good Electric Kettle,Overall good.,Good Multicooker within budget,Agaro esteem Multi kettle,Quality,Very nice product. Like it.‚ù§,Nice one for hostellers. A must buy product.","1. I have used it mainly for boiling water (knob turned maximum to right) so cannot comment much about lower temperature settings.2. It takes about 10 min for water to boil.3. Suggest Mfr to release in other colour like light blue etc (as I see some other kettles) .  It may add to the looks and give a warm feeling in the room.4. The stainless steel looks shiny but the material is not very thick but it's ok for the price.  There may be formation of scaling or white brownish spots on the base of kettle in a C shape due to the C shaped half coil at base (funny design, maybe a product created by modifying a higher wattage full circular coil kettle).  The scales are more when tap water is used due to higher presence of salts maybe.  They seem to get cleaned by usual scrubbing.5. Given wide based cylinder shape, it is very easy to clean.To be aware: The kettle does not auto-shut off when water boils.  Similarly, the kettle temperature will be kept warm at knob setting unless the knob is at the leftmost when it shuts off.  Else the water will keep drying out until it dries out completely and then the kettle is supposed to auto shut off to prevent dry heating (I haven't tested this though).  These are mentioned in the manual.  So this can be thought of as a warmer + boiler.  So you CANNOT leave the kettle unattended thinking that it will auto shut off like other kettles when the water has started to boil.  I assume this is designed this way to allow a bit of cooking for those who want to use it in that manner.Accessories: Cannot fathom what the use is of the plastic bowl provided.  Given that plastics can leach chemicals when heated, I would not suggest to use it inside the kettle in any way, e.g. steaming.  A steel rack is given, too.  That could be used alongwith some steel plate with holes for steam cooking but there is none provided with the product itself.Final verdict: If you are ok with a somewhat slower heating kettle but with more versatility and easy to clean at a reasonable price, this will do the job.  If a similar product was available with higher wattage at a higher price, I would have bought that instead.,I wanted to give 1 star rating because Agaro forces its customers to give rating and review to get the warranty. It is a bad practice. You cannot force customer to give rating. As I mentioned, it may result in the product having negative rating on Amazon despite being a good product.In my opinion the product itself is good. It heats water very fast. It is good for making Maggie, pasta, and boiling eggs. But need to be careful while making Maggie or pasta because once they get dry they start to stick to the bottom.The kettle is very easy to clean.The cord length should have been longer.One issue that I noticed that only one half of the base of kettle generates heat.,Everything is good & it has been very useful for me. There is only one drawback; I guess the heating is not uniform across the base of the kettle since whenever I boil milk or make tea/coffee, a portion of one side bunrs the milk. Even while boiling water I can see the similar symptom.,Agaro Multicooker is good and gives a variety of cooking/ boiling options like Milk, Tea, Eggs, Maggi, etc.Only negative point is that Agaro team promises extended warranty of 6 months by giving asking to give a positive review on Amazon but fails to deliver on their promise and does not give any extended warranty.,Delivery has safe got item safely.Delivery on time, instantaneous water boiling sufficient space big volume best for hostel students.Hope for warranty and company response.,I liked how fast it does the work but i hate about the dirt it gets inside after cooking something, it sticks their,Overall gorgeous product. The most beautiful thing is that the cord length is big. That is a better option for your kitchen and aslo that is the best option for hostel users.üòÖ,Liked the design and operation. However cord length could be longer. Temperature control is good but knob need some modifications. Overall happy with this product.",https://m.media-amazon.com/images/I/41NW-vJum5L._SX300_SY300_QL70_FMwebp_.jpg,https://www.amazon.in/Agaro-Esteem-Multi-Kettle-1-2/dp/B07WNK1FFN/ref=sr_1_56?qid=1672923593&s=kitchen&sr=1-56
B0B21C4BMX,"Portronics Konnect Spydr 31 3-in-1 Multi Functional Cable with 3.0A Output, Tangle Resistant, 1.2M Length, Nylon Braided(Zebra)",Cables,‚Çπ228,‚Çπ899,75%,3.8,132,3.0A Output|PVC + Nylon Braided|Tangle Resistant|1.2M Length,"AH4LJDHSBLPNJYLQGQ53EQ6DBVZA,AF4BWMWZI7TTQY2YTE2HTHRB3NHQ,AGG22XY7PCKPZDT6352IVLL2H34A,AGTO2SOXJTD3K6T7WPUHCT6SUMKA,AF5CIA2LXA75JJFRVWLKGOLKZIHQ,AFVHCWF76EOX4NMKE2ZUU67CEOBQ,AGUZMT2E4HNC5VF25OWLAUF6KBGA,AE3GY55N5USCMWLS2JIO7CZFS5FQ","SyedShoaib Afnan,Deepak Gogia,stuartb4u,Ramanasai Rupanagudi Venkata,ABC Thiruvananthapuram,Aneesh Suresh,SunDeeP ChebrolU,harsh shah","R15R4BV0MI9SH1,R3L67FMAFHYG6H,R1GR1N3BCB3VVZ,R1E0GBU7BQ6CSV,R28IGDF71QMQZO,R3NFH3J30CCSO9,R3VCM9XQOZO7IX,RD2MZ0Y1MQGF2","its not for fast charging as per my use and this don't support in car for android auto.,Great,Can be used as spare in an emergency.,Good,good for car drives,Not worth Doesn't charge,Good one from portronics,Excellent cable","i like the made of the product but it doesn't support fast charging  and it dont connect to android auto in car.,Great,Connectors are compatible. Charging power delivery depends on the adapter used. Build quality is good. Suitable lenght.,3 leads working,user friendly for car drives,Doesn't charge proper, tried all possible ways. It is so slow and can support only one device at a time.,Quality, toughness and power supply are giving you the best üëå üëç.,Product is superb, Cable is durable and thick nylon string is used.3 pins are most useful.My 5000 mah mobile battery can charge in 2 hrs fully. Other devices can charge early.While charging no device's are hitting.",https://m.media-amazon.com/images/I/41LCWn4aUHL._SX300_SY300_QL70_FMwebp_.jpg,https://www.amazon.in/Portronics-Konnect-Functional-Resistant-Braided/dp/B0B21C4BMX/ref=sr_1_133?qid=1672909130&s=electronics&sr=1-133
B016XVRKZM,"APC Back-UPS BX600C-IN 600VA / 360W, 230V, UPS System, an Ideal Power Backup & Protection for Home Office, Desktop PC & Home Electronics",Power Supplies,"‚Çπ3,299","‚Çπ4,100",20%,3.9,"15,783","Compact Design Line Interactive UPS with Load Capacity of 360Watts / 600VA. Output Frequency (sync to mains) : 47 - 63 Hz Sync to mains|Three Battery Backed up and Surge Protected 6A, 2/3 Pin Output Indian Power Socket|Automatic Voltage Regulator (AVR) with Wide Input Voltage Range 145-290V, Transfer Time - 10 ms typical : 12 ms maximum|1x7.2Ah Battery provides 20 - 75 min. Back-Up time *as per the load|Generator Compatible; Compatible with low power loads e.g. Wi-Fi router, DSL modem|Cold start capability allows the load to power on just on battery; Stays quiet during a changeover from mains to generator","AGZRJIMJCQUUHZG34JSIL5PSXGTA,AHHGP3WIV7RMRVERWVUEYLPYXYHQ,AGB2GEXGTW7TMVVANDCMSSXHC45Q,AHMRZCSYJPOWABVP3722Z6YZR7KA,AFILVH3E6XXNDPWWK5NDSVKXLEHQ,AG4V65HMYF6P3SFTT3ACUTVJ5ZWQ,AEYUOB6DIP2L2UJDHWMN3TIFU2CQ,AE3BKBMK2CPOW3B3NOAN6753O4TA","KNReddy,Shashank Reddy,sid,Bharat Justa,Keshav R.,Mohammad Aslam N,Cartik N,Anastasiya Glebova","R2IKZK0CHQ08WM,RGU29XK250TD5,R29P8YX2GHMMNH,R2XHYS27FFFDC0,R2H3LRA8OB7ZUF,R1E9O49QVK1MOR,RUO5Z5INF7INR,R2LRYN93E4OFJK","Most featured UPS,Not Sufficient for a 65"" Sony 4K TV,Easy to install,Kind of useless for a PC with a GPU,How to return,Value for money,Big,Good stuff for it's purpose, it is working","My office PC UPS Legrand  Numeric UPS Digital 600EX-V is having only one LED and beep codes. This is not sufficient, if we want more details. However the unit is robust, easy to disassemble, easy to replace battery with generic battery, having best transfer time (less than 4 milli Sec) 37min backup for CPU + Monitor when checked. In view of this,  the Legrand Numeric UPS Digital 600EX-V should my the number one choice. But it also has low  user ratings.The  following brands  came to my notice on search.1) APC BX600C-IN2) APC BX600CI-IN3) Emerson Liebert iTon CX 600(I have not considered microtek, intex, iball; vguard etc may be they are good)The technical parameters of the above all looked similar , like generator compatibility, AVR, High/low/overload protections. But the transfer time specified for Numeric is less than 4 milli sec, for  APC 10 milli sec typical, and for Liebert 4-8 milliseconds.APC BX600C-IN  is selected as my requirement is not for PC or laptop (further search is not done for UPS with communication port and auto save software ) and  in view of better interface  ( Power LED Dual color, Charging LED Dual colour, Battery saver LED ) . It also has  better backup and surge power than APC BX600CI-IN (minus resettable thermal relay)Based on the reviews, there are four major issues i have noticed,(1) very old stock (Battery capacity expected to be in reduced condition, resulting into low backup time) or battery issue.(2) Transit damages, as it is bulky to its volume. Though it is better to purchase such items offline, I still tried online in view of remote location.(3) No load protection .  It acts  if very low load is connected (e.g. just modem  or less than 30w and battery saver mode is on  ) after 5 min , people get confused it as giving only 5 min backup (it shouldn't be considered as a problem once known, since additional loads can be connected or battery saver mode can be unselected)(4) If Battery saver is enabled , it shutdowns while 5 min juice still left (it shouldn't be considered as  a problem,  since it can be unselected if selected intentionally or unintentionally)To reduce the above risks, M/s Appario Retail Private Ltd was chosen (at lightening deal at Rs Rs2659.00). The order was placed on 10.04.19. The product is delivered in 4 days on 13.04.19. The original packing was wrapped in repeated turns of polyethylene. The packing reached without any major distortions. The original cartoon packing was in sealed condition. However when it was opened, some (parts) looseness sound was coming from the UPS. The same was reported to APC service center. They registered the complaint and told me that the service person will visit within 48 hours of working days. Further they have given clearance to put the UPS in service.First it was charged fully , while UPS in off condition (charging light was on while charging and it became off after charging). Now the UPS was made on by power button (it is to be pressed and hold for not less than 1 second before release or release after beep tone) connected to PC with 32 inch LED TV, initially some repeated chattering (without any power interruption to the load) was happening, if power input is kept off (on battery). It was happening some times.When it is on battery,  beep sound was occurring every 22 sec against APC Manual spec of 60 sec.it withstood for 18 minutes for the PC with 32 inch LED TV on battery. (Battery save mode was in off condition)Further it got switched off within 5 sec of low battery alarm, against 60 sec specified in the manual.The manufacturing date as per slip glued on original packing was Nov, 2018 (photo attached) but the test and quality passing date is 11.01.2018 12.53 hrs (photo attached)(As my load is more than 30w,  I can put it on battery saver mode, the battery saver button to be pressed and hold for not lessthan 2 seconds before release to change the state , this  is minor but the holding time is no where written in the manual).The UPS body temperature appears to be on higher side, when compared to Numeric installed at office under similar ambient temperature (while on load with input mains as well as while in off condition without charging but connected to mains).The above is initial experience only, any updates shall be shared in future.Note1: This item isn't eligible for returnFor safety reasons, items containing flammable liquids or gases can't be returned to Amazon. For more information or help, please contact them.(If you want return facility search for other alternatives)Update 1The service person called me on 14.04.19 and informed about his planned visit on 15.04.19.The service person visited in the morning of 15.04.2019 and disassembled the UPS, there was a  minor play with the battery, ( the whole casing is of plastic, one side cover opens including top as one part) the play may be due to design / manufacturing tolerances. The PCB and the transformer were already firmly fastened to body and all connections were also tight. Hence the looseness is acceptable. The battery manufacturing date was Oct 2018. I agreed for his optional proposal to replace with a new sealed battery (but manufactured in Sept 2018). The chattering may be relevant to building wiring, as it is not happening with main sockets in other rooms or if we remove UPS input plug from the same socket (see next update for accurate reason) .  In the whole,  the service person‚Äôs only concern was hotter transformer, based on his experience (but it will be replaced only if it fails).Prompt response of service center is appreciable (that too for an interior of 76 km from service center, located at state capital) and it compliments the non return policy.Update 2It is fully charged with replaced battery  and backup time was tested with the same load as above. But this time large improvements were observed in the backup time and  parameters (difficult to reason out) as below.Backup time is 32 Min (until some different  type of blinking of power led  & different type of beeps happens for few seconds, may be relevant to battery saver mode  and however it got normalized in auto ) after 5 min further,  the battery low blinking of power LED occurred (hence total 37 min against 18 min of earlier experience as above) and these beeps occurred for 40 seconds before it tripped (against 5 seconds of earlier experience as above), but power LED was glowing for every few seconds till further 20 seconds in off condition.Battery on  beep was occurring for every 59.90 seconds (~1 min) to indicate the load is on battery (against every 22 second earlier experience as above). I was totally involved with service person as it has to protect very costly, bulky and  distant service partner type equipment at my home . He has replaced only battery, and he has not even removed the PCB. But how,  so many wonders have happened is yet to be analyzed and reasoned out.Note 2:I) NonRMS-Multimeter does not properly read the voltage of a UPS that uses stepped approximated output sine wave while on battery. Hence  output voltage of a 230 VAC UPS is measured to be between 170-180 VAC when on battery.Ii) Low voltage cut off will act if any separate low voltage , high voltage cutoff protection is used at outlet of UPS (while on battery)Iii) chattering may take place at UPS if any separate surge protection is used at UPS outletIv) some body already advised not to use any surge protection at input to UPSV) APC service person informed that APC UPS will not on, if house is not properly grounded (earthing is to be proper) to protect from surges.Vi) if UPS is on battery with battery saver mode enabled  (i.e. mains off) it will give only 5 min backup to loads less than  30w (as no load protection acts),  however if the load is more than 30w , it shutdowns while 5 min juice still left ( i.e. if we disable battery saver mode  we will get 5 min more backup power)From the above , the UPS is now functioning as per specifications. (but one star of APC is reduced against initial issues of equipment, though super fast response exists from their service center) , 5 stars to  ""M/s Appario Retail Private Ltd"" the seller, 5 stars to the APC service center and 5 stars to courier "" M/s Delivery"" for safe and fast delivery.Update 3: After 4 months of use , backup time testing (ignoring erroneous tests in between):The ups was made on and battery saver was made off , due to this  the ups started self charging further and I have waited till the charging is completed. Now,  the TV as monitor with PC were made on ( it took upto 0.45 amp during cold boot , amp measured with clamp meter) while mains is on. once the PC stabilised (0.3A) the mains is switched off. Now it gavea  backup of 17 minutes with beep every minute and given repeated beeps at 17th min. Again every min one beep started for 5 min. After this repeated beeps occurred  for 30 second and ups got tripped. Hence I got 22 minutes and 30 seconds in total. In view of this the star rating is retained at 4 star.One more observation is that it's transformer temperature is high while it is on battery that means (more) energy is being wasted by transformer.I got the battery replaced one more time on 15,01.2020 under warranty as backup time reduced to 11min under the same conditions and load. With new battery I am getting 24 minutes. Hence the Apc is being letdown by battery manufacturer where Apc quality person should have control. After warranty I will install battery from exide and see.,Pros:The device is sleek, small and blends into the environment.Cons:Makes a lot of noise.I bought this primarily to support my television Sony XR-65X90K to handle the switch from generators to mains (For < 30 Secs). It is not sufficient to do that and the TV switches on and off continuously when running on UPS power. I'm not sure what the problem is as the wattage is sufficient.If you have a similar use case as mine, better consult a local inverter shop and get a UPS that fits your requirement. Else, you will end up with dead weight.,Easy to install,My PC has a 550W PSU with 80+ Bronze effeciency but installed components are not supposed to go beyond 280watts under max load. This UPS shuts down as soon as my GPU (GTX 970) reaches 100%.Then I used it for my printer. But as soon as I hit print, the UPS shuts down. So it's useless there as well.Now it's attached to my TV, router and speakers. Atleast I can watch Netflix uninterrupted.,I'm getting trouble in this I think this is not working properly where should I return,Value for money, so far working good.,Small but big life of battery,It is good for electricity stability",https://m.media-amazon.com/images/W/WEBP_402378-T1/images/I/31sSNZUSkfL._SX300_SY300_QL70_FMwebp_.jpg,https://www.amazon.in/APC-BX600C-600VA-230V-Back/dp/B016XVRKZM/ref=sr_1_211?qid=1672903005&s=computers&sr=1-211
B00H3H03Q4,HUL Pureit Germkill kit for Classic 23 L water purifier - 3000 L Capacity,Filtration & Water Purification Accessories,"‚Çπ1,130","‚Çπ1,130",0%,4.2,"13,250","Compatible only for Pureit Classic 23 Liter water purifier|Germkill Kit (GKK) Capacity - 3000 Liters|The Germkill Kit (GKK) contains 3 Parts - Activated Carbon, Germkill Processor·µÄ·¥π and Polisher|Activated Carbon Filter - Removes harmful parasites & pesticides|Germkill Processor·µÄ·¥π - Uses programmed Germkill technology to remove invisible harmful viruses & bacteria|Polisher - Removes chlorine, odor, along with other impurities to purify water and improve its taste|For GKK replacement instructions, refer to the user manual pdf (in Product guides & documents section)","AEZVOCIG5UB5RYBT7P35LXEYGNUA,AG3OM7FBL3LB5C266XVNPJGOHPPA,AGBT373ETZCUEC7X2LVVD3FKWRAA,AEM3EO5SQFCOE4BPSMM3LKOIWL6A,AG73KSBFVJ5HI7YVT6EH5WTAY67Q,AHEQSSHSFZ6WZUZUZS7BTVNCOTAQ,AH6NHWSWYP5ISTHGMARHDD54FLBQ,AFQDM5ECIIUZH567BITZVOP6LISA","Suryaranjan S.,Gaurav Kumar,Tanushree Laha,Tirupati,Srivastava rahul,Puremba Khomdram,Sre ram,Kanthilakshmi","R2KI2IDJL2BY7K,R1KYGT5PRP2IEC,R2HEJVRW7X3SPT,R2VESGVS16ALQY,R32M7U7Z9W2OU1,R1MRHN8DMJZGJY,R17V0HLP8F6QN1,R3NCHTJEG96BIG","Good product,Nice product up to the mark,Good one,Excellent,Water purifier,Good,Super,Good it helping us","Nice product, value of money,Nice,I have received the product with broken seal. Otherwise purchase is ok.,100%,Nice,Good,Super super super super,Good",https://m.media-amazon.com/images/I/41rkDPlAt+L._SY300_SX300_.jpg,https://www.amazon.in/HUL-Pureit-Germkill-Classic-Purifier/dp/B00H3H03Q4/ref=sr_1_131?qid=1672923597&s=kitchen&sr=1-131
B008LN8KDM,Philips GC1920/28 1440-Watt Non-Stick Soleplate Steam Iron,Iron,"‚Çπ1,849","‚Çπ2,095",12%,4.3,"7,681","Turn the temperature dial to the appropriate position clockwise from minimum to maximum temperature to set the temperature according fabric type;To Prevent Water Leakage, keep the iron horizontal when not in use, do not fill water completely, leave some gap and wait for some time for the iron to heat up before using the iron|Warranty: 2 years on product, ;Knob should always be at no steam position when product is not in use. Second and third setting is used only when soleplate is hot. Otherwise leakage will happen.|A fine spray evenly moistens the fabric, Indicator Light: Yes;Please wait for some time for the iron to heat up. Only then you can use the steam function effectively. If the iron is not heated enough and steam function is used, it will lead to water leakage|Color Name: Pink; Material Type: Plastic; Size Name: Free Size","AHXO7SHNST675ORXUKNNHR2YKEKA,AEXCBFSVNHUJQOWGZSE7MC6RBHUQ,AFKM5QKOTWULFDXK6QVZZMMPOV5Q,AFB2W25SC4ZEMFT7JTVTW5L5RZCA,AEWGEZVFD5HWJUZME7IDIL6HCVVA,AGIX5B6SWYXE6XZKEJEK65LV7ZMQ,AF6HEKQ4VQN3LEYA35NQCEG6LAWQ,AHN3ZLP7PTR6WSQFI57Y5MXAOCWQ","Aditya Tapkir,Veee,rajesh,Rayhan Sk,akash sahu,Santhosh,Pratik,Neeraj","R1F0HJV54WA6Y1,R31EQO2072ECK1,R13WG12278YLU8,R3NE8OQ3WPJOT9,R3VLPV94UNTN7D,RB55IVR4IJ658,R25GNVDCF8MRK4,RITW7QXM8HJHT","Does the stated purpose,Good,Good,Steam Iron,Light weight and easy to use iron,Functional & hard to Use,Overall a good product,Using it for a month. So far it is working well.","Does the work,Good,Superb,All good.,Philips a trust worthy product. Very easy to use and light weight iron,Great product. Has many features. But using them is tricky. I tried to use the Steam and Spray for a few weeks and gave up. I wish the Product Owner had focused a little more on Easy of Use. There is no point in having great functionality, if end-user can't easily use it.,Overall it's good but after a month inside wire was disconnected it's stopped working it took me another 2 days to get it fixed by near by electrician.,Using it for a month. So far it is working well. Heats up quickly, like the quality of product and steam functions.",https://m.media-amazon.com/images/W/WEBP_402378-T1/images/I/41sKyiPWzAL._SX300_SY300_QL70_FMwebp_.jpg,https://www.amazon.in/Philips-GC1920-28-1440-Watt-Non-Stick/dp/B008LN8KDM/ref=sr_1_220?qid=1672923603&s=kitchen&sr=1-220
B00O2R38C4,"Luminous Vento Deluxe 150 mm Exhaust Fan for Kitchen, Bathroom with Strong Air Suction, Rust Proof Body and Dust Protection Shutters (2-Year Warranty, White)",Exhaust Fans,‚Çπ999,"‚Çπ1,490",33%,4.1,"12,999","Performance: Sweep Size: 150 mm, Cut Out Size: Sq. 192 x 192 mm Power: 30 Watt, Air Delivery Rate: 250 CMH, RPM: 1350, Suitable Room Size: 6 x 6 x 9 feet|Strong Air Suction: The motor produces an RPM of 1350 that enables this ventilation fan to draw out stale air quickly and make the room fresh|Blade Design: The blades are specially designed to produce the highest amount of rotation making the ventilation process quick and efficient|Rust Proof Body: Maintain the pristine appearance of your fan for a long time because it is built with an effective rust-proof body that will withstand corrosion over time|Dust Protection Shutters: When not in use these shutters will remain shut to prevent dust and insects from entering keeping your home neat and tidy|Air Delivery Rate: High-end engineering of this exhaust fan allows it to create an air delivery rate of 250 CMH to keep the room cool|Sweep Size: This exhaust fan produces the lowest amount of buffeting while maintaining efficient performance as blades are positioned perfectly at 150 mm","AF5OHXMN4BMFYFBAHRA3KF55LEMQ,AEDYGQWG3MQCXE4NAFPHEKHC65RA,AGM6U42GP43XU2OGYR3CS2J7DHRQ,AENFJF6M6ESZKBLJAMLVOZFCCORQ,AGVNTYOKOFM4NNLYUW4PYVCGLBWQ,AH3ZXWK36A6T5DSP6ZNR42M6C44Q,AEEQ3N6TTKJ6KIQQ5GNDS7AHU7ZQ,AGCSVYGZ5WIFAKJVQBXPV23L7ZSQ","Aam Adami for India.,Colonel PSV Ramana,Tarique Hossain,Durratussharaf najmuddin,Athappan,Amazon Customer,Priyajit Samanta,Gopi","R3G68H04E1SWMO,RQPUD710DM4CJ,R3LKDTQ3F3YBBP,R2I80SWXJJ8NVS,RLJKQ3A9HU77X,R2LZZWYUQPL9MH,R2KNV63N41W1CA,R2YEAAIS3ZXXW4","It's good product for other company.,Value for money!,Not satisfy with the speed,Cleaning is problematic,Ok,Good,Good looking fan but motor fitted with fiber body.. Quality ok.,Good one, with bigger, not sure about dimension wise.","I like this. Value for money compared to other company overall is good product.,Good product that is value for money.,Not that high speed as shown in videos not satisfy with the speed over all its easy to use easy to install,The product mechanism is like any other exhaust fan in the market. I realized that the size of the exhaust fan doesn‚Äôt really have a noticeable impact on suction power of air.Nonetheless, its drawbacks are that because of the small space between the fan blades, it is ultimately impossible to clean any dust/oil buildups on the inside rods and the shutter walls. The only way to clean the aforementioned areas is from the posterior side of the exhaust fan, which is difficult to reach in most housing situations.,Ok,Good,https://m.media-amazon.com/images/W/WEBP_402378-T2/images/I/71MjXiO1DoL._SY88.jpg,Decent quality and works as per my requirement, not that great.",https://m.media-amazon.com/images/W/WEBP_402378-T2/images/I/21c-ZYPFJ5L._SX300_SY300_QL70_FMwebp_.jpg,https://www.amazon.in/Luminous-Vento-Deluxe-30-Watt-Ventilator/dp/B00O2R38C4/ref=sr_1_126?qid=1672923597&s=kitchen&sr=1-126
B0974G5Q2Y,"boAt Laptop, Smartphone Type-c A400 Male Data Cable (Carbon Black)",Cables & Accessories,‚Çπ273.10,‚Çπ999,73%,4.3,"20,850","2 meter special reversible Type-C to USB A male user-friendly design helps you insert the connector in a right way all the time|Support the maximum 3A fast charging and the speed of data sync up to 480 mbps|Aesthetically designed, aluminium ends, with high-density boAt's premium nylon braiding wrapped around the entire length of the tangle free cable for reinforcement and added durability|One end normal USB type a and other end USB type c|2 years warranty from the date of purchase, you can activate your warranty by giving a missed call on 9223032222. Alternatively you can claim your warranty at or reach out to us at +912249461882/info@i.","AFA332YHUPB6I7KMME7SOFX5RKQQ,AH3LHRL5P4YAVOQQCH72G2PJFXSA,AGUUHLF34AIEIOE5KULXXVWKBCMA,AHWY6IG3PXBBJMLVFMHHKM25BVCQ,AEOKB3ECJUM6UQOBFKMEMQVVHL4A,AEYA6LQE25O2P6C7XV62XM3YV2EQ,AHMKSLALVS62JUHSHAI3FUXWDYYA,AFZIZOK5KDBOB5QCHUQRR2ZWUYKA","GHOST,Amazon Customer,A Vase,Mani Jha,Anu B,Ganesh Inguva,Prabhu,Amazon Customer","R1G4I5FLAHM16P,R1DXRMVWV2OVE8,R2BJFG3I9TAZ2P,R35RERUQG5AERU,RQVMA35UH4D2P,R2WKO9Y6VGUOOP,R1NECHJ8DC9INS,RDDDU5N0JHZS7","Just buy it dont even 2nd guess it,Quality is good,Nylon braided quiet sturdy,Amazing,Feels like steel harnessed wire - strong,Sturdy and durable. Useful for charging Power Banks,good,Nice quality","One amazing cable for 300 bucks,Ok with charging. Looks very sturdy and durable.,Fast charging upto 25watts 2m in length and really durable.Bought it like the 4th time passed down my older cables to family members all still in working state.,I bought it in 2019 and it almost last three years post heavy usage... Gonna buy it again! Very good quality,Good quality USB C Charging cable that enables Fast Charging for Samsung M21 as well as M33 5G 24 W seeking phones. 2 metre cable length helpful in keeping phone on desk while Charging Adaptor plugged into Electric Outlet. Best value. Similar 2 m cable costs 3x or 4x in retail market. This is best price,Great product. Wanted this as my Portable battery has USB slot and iPad and Kindle Reader have USB-C ports. Fits my requirement perfectly. Charges very fast.,good,Very good overall",https://m.media-amazon.com/images/W/WEBP_402378-T2/images/I/41jk4zYjTsL._SX300_SY300_QL70_FMwebp_.jpg,https://www.amazon.in/boAt-Type-c-A400-Cable-Carbon/dp/B0974G5Q2Y/ref=sr_1_124?qid=1672909130&s=electronics&sr=1-124
B074CWD7MS,"Digitek DTR 550 LW (67 Inch) Tripod For DSLR, Camera |Operating Height: 5.57 Feet | Maximum Load Capacity up to 4.5kg | Portable Lightweight Aluminum Tripod with 360 Degree Ball Head | Carry Bag Included (Black) (DTR 550LW)",Tripods,"‚Çπ1,549","‚Çπ2,495",38%,4.4,"15,137","Premium finish light weight professional tripod with adjustable height, multi level locking and steady rubberized legs|Compatible with most video cameras, digital cameras, still cameras, GoPro devices and smartphones. Height Range: 615 mm - 1700 mm|Multipurpose head with Quick Release helps ensure fast transitions between shots|Built-in bubble head to adjust horizontal position and 3-way head with adjustable pan to allow for tilt and swivel motion with portrait or landscape options|This professional tripod features multipurpose head for DV camera's|Convinient accessories hook to latch all your shoot belongings|Recommended max load weight is 5kg for optimal performance","AEACCLBAYRCRJLUMTQVS5JSOYYVA,AEBFS3LI626ABZMQMQQZAVCZMSEA,AEPNFXQVCUUGVV74K5KGJEIGCBMA,AE7YHD67JEECIX3IESFI44QL4HNQ,AFCCTAOXYH2XQNESLRQRH72G27ZQ,AGSVOGYYWRHJDZKU3MCFFYIPEVWQ,AGWVUW6YRWVQ3III5WXH7X4RE4DA,AHEH2QAVUEPNGB7EQJJWPYAOCAAQ","Joel Thomas,Joy Ghosh,Amazon Customer,Pƒ±≈ãk…òsh Go ã…Ω,Deepak Kanwaliya,AVINEESH,anoop tiwari,Kumud Prajapati","R2QDKL6M3BGGR8,R2GXKYBJXNF3HR,R3OBHPHLETR6ZR,R6ZP9NF1BL84O,R1OIEL27NJ0RCO,R1JQG83T7U855F,R3J34H7VBLFKDM,R39DXFGYRXPIW2","Worth a Purchase. Good Quality product,Strong, Mutiple channel, Durable.. Worth it ...,Robust, Durable (Phone Holder is added but not mentioned in Product details),Really Liked It!,Mast h,Nice amazing product,IS GOOD BUT NOT RECEIVED MOBILE HOLDER AND THIS PRODUCT BUY ONLY VIDEO REIVIEW,very handy and build quality is good at this price point","I generally don't write reviews on Amazon. But this product is worth every penny.Amazing Product1. It is sturdy2. Good heavy-quality metal is used yet still lightweight and portable.3. Can be easily carried in 1 hand4. On Full Open, total Height reaches 5ft 9in (so can even cover if there's a stage)After buying this, I even surveyed the local market, I can now confidently say I have invested in the right product.There are products available for 1,000 Rs, but paying another just 500Rs for such a quality product is a better decision (Keeping in mind long-term use).,Its been 1 yerar 3month i am using the stand fr my video shoots ... Either its indoor or outdoor ..the stand is so strong and so many option to manage your stability and angle.. Even its so handy that often i use it just holding it like a gimble (though it do not stabilize the video) but i am very use to of it bcs of its  compact look...Go fr it... You will not regret ü§ûüèª,Likes:Robust, durable, very well assembled.Dislikes:Due to strong built up, and bigger in size it is difficult to record video of the downside part as tripod legs come in the picture along.As mentioned in the product details, phone holder not included. I purchased a new one alongwith this product. However, there was one phone holder given in the Tripod Box. Due to this false detail, I had to purchase one more phone holder which is under non-returnable products category and is to be kept now.,Same As shown In PicturesGood And Well StableReally Wanted One for My video shootsMust Have For Camera And SmartphonesThey Say It Doesn't Have phone Holder, But They have Sent One Included, So Don't Order Already One.Thank You Soo Much For That Merchant.,Mastttt,I really like this amazing product. Worthy money buying it. Don't worry about negative reviews.you are worth buying it. Tqs,Ok,",https://m.media-amazon.com/images/I/41NJeh+qQRL._SY300_SX300_.jpg,https://www.amazon.in/Digitek-DTR-550-LW-Tripod/dp/B074CWD7MS/ref=sr_1_124?qid=1672903001&s=computers&sr=1-124
